date,nominal_rate,expected_inflation,real_rate_approx,real_rate_exact,formula_difference,negative_real_rate
2000-01-01,5.32,3.080288,2.2397120000000004,2.1727839953260553,0.06692800467394511,False
2000-02-01,5.55,3.1570678,2.3929321999999997,2.3196977686874565,0.07323443131254326,False
2000-03-01,5.69,3.2388566,2.4511434000000003,2.374245008831277,0.0768983911687231,False
2000-04-01,5.66,3.1606735,2.4993265,2.4227512434765064,0.07657525652349362,False
2000-05-01,5.79,3.3126257,2.4773743,2.3979395385747226,0.0794347614252775,False
2000-06-01,5.69,3.7602013,1.9297987000000005,1.8598640671680933,0.06993463283190726,False
2000-07-01,5.96,3.0862813,2.8737187,2.787682962039306,0.08603573796069375,False
2000-08-01,6.09,3.1234906,2.9665094,2.8766572802569668,0.08985211974303331,False
2000-09-01,6.0,3.1741185,2.8258815,2.738944166506263,0.08693733349373689,False
2000-10-01,6.11,3.1062109,3.0037891,2.913295982638031,0.09049311736196897,False
2000-11-01,6.17,3.0989798,3.0710202,2.9787105614017095,0.09230963859829044,False
2000-12-01,5.77,3.1672986,2.6027013999999995,2.5227968894399266,0.07990451056007286,False
2001-01-01,5.15,2.6536536,2.4963464,2.431814467829141,0.06453193217085929,False
2001-02-01,4.88,2.632136,2.247864,2.1902145737276557,0.05764942627234415,False
2001-03-01,4.42,2.1422446,2.2777553999999998,2.2299836947189844,0.047771705281015375,False
2001-04-01,3.87,2.5592129,1.3107871000000002,1.2780783538949958,0.032708746105004405,False
2001-05-01,3.62,2.7238774,0.8961226,0.8723605676512314,0.023762032348768614,False
2001-06-01,3.49,2.7511842,0.7388158000000002,0.7190338542103047,0.0197819457896955,False
2001-07-01,3.51,2.6878453,0.8221546999999996,0.8006348731907753,0.021519826809224263,False
2001-08-01,3.36,2.5859519,0.7740480999999999,0.7545361578888965,0.01951194211110341,False
2001-09-01,2.64,3.1152263,-0.47522629999999966,-0.4608691820327304,-0.01435711796726924,True
2001-10-01,2.16,2.2912795,-0.13127949999999977,-0.12833889715887503,-0.00294060284112474,True
2001-11-01,1.87,2.0813513,-0.21135130000000002,-0.2070420280574803,-0.004309271942519732,True
2001-12-01,1.69,2.7313753,-1.0413753,-1.0136876849540344,-0.027687615045965508,True
2002-01-01,1.65,2.2902539,-0.6402539000000003,-0.6259187709377612,-0.014335129062239105,True
2002-02-01,1.72,2.1457897,-0.42578969999999994,-0.4168450811829927,-0.008944618817007255,True
2002-03-01,1.79,2.013877,-0.22387699999999988,-0.21945739793811647,-0.00441960206188341,True
2002-04-01,1.71,2.5878316,-0.8778315999999999,-0.8556878396872247,-0.022143760312775207,True
2002-05-01,1.73,2.6186536,-0.8886536,-0.8659766707365901,-0.022676929263409917,True
2002-06-01,1.7,2.3419254,-0.6419254000000001,-0.6272360007798072,-0.014689399220192856,True
2002-07-01,1.68,2.3480992,-0.6680992000000001,-0.6527714781438876,-0.01532772185611253,True
2002-08-01,1.62,2.1314545,-0.5114544999999997,-0.5007805895881012,-0.010673910411898468,True
2002-09-01,1.63,2.0411286,-0.41112860000000007,-0.4029047949985265,-0.008223805001473572,True
2002-10-01,1.58,2.0053377,-0.42533770000000004,-0.41697592458438404,-0.008361775415616002,True
2002-11-01,1.23,2.0305948,-0.8005947999999998,-0.7846615042961691,-0.01593329570383073,True
2002-12-01,1.19,1.9511579,-0.7611578999999999,-0.7465907358762847,-0.014567164123715282,True
2003-01-01,1.17,2.0790118,-0.9090118,-0.8904982365826597,-0.01851356341734034,True
2003-02-01,1.17,2.1065381,-0.9365380999999999,-0.9172165832150636,-0.01932151678493632,True
2003-03-01,1.13,1.903343,-0.7733430000000001,-0.7588985574300322,-0.014444442569967908,True
2003-04-01,1.13,1.9895133,-0.8595133000000001,-0.8427467414926726,-0.016766558507327556,True
2003-05-01,1.07,1.8385312,-0.7685312,-0.7546566029027701,-0.013874597097229824,True
2003-06-01,0.92,2.2847306,-1.3647306000000001,-1.334246658317928,-0.030483941682072135,True
2003-07-01,0.9,1.6263355,-0.7263354999999999,-0.7147118868612634,-0.0116236131387365,True
2003-08-01,0.95,1.8526073,-0.9026073000000001,-0.8861896852001339,-0.016417614799866254,True
2003-09-01,0.94,1.9804944,-1.0404944,-1.0202876600292288,-0.02020673997077127,True
2003-10-01,0.92,1.7885532,-0.8685531999999999,-0.8532916253298217,-0.01526157467017819,True
2003-11-01,0.93,1.9308072,-1.0008072000000001,-0.9818495776613423,-0.01895762233865783,True
2003-12-01,0.9,2.2234564,-1.3234564,-1.2946699775258197,-0.028786422474180284,True
2004-01-01,0.88,1.9069713,-1.0269713,-1.0077537256766633,-0.019217574323336706,True
2004-02-01,0.93,1.9871939,-1.0571939000000001,-1.0365947523142793,-0.020599147685720798,True
2004-03-01,0.94,1.7042839,-0.7642839000000001,-0.7514766052052035,-0.012807294794796587,True
2004-04-01,0.94,1.8527671,-0.9127670999999999,-0.8961632815570164,-0.01660381844298353,True
2004-05-01,1.02,2.2141024,-1.1941023999999998,-1.168236448750537,-0.025865951249462782,True
2004-06-01,1.27,2.5740778,-1.3040778,-1.2713522051280068,-0.03272559487199311,True
2004-07-01,1.33,2.2558469,-0.9258468999999998,-0.9054219666337682,-0.020424933366231635,True
2004-08-01,1.48,2.3408529,-0.8608528999999998,-0.8411625226938058,-0.01969037730619405,True
2004-09-01,1.65,2.6767708,-1.0267708,-1.0000030113919367,-0.02676778860806328,True
2004-10-01,1.76,2.145831,-0.3858309999999998,-0.377725645993332,-0.008105354006667786,True
2004-11-01,2.07,2.2068239,-0.1368239,-0.13386963294532706,-0.0029542670546729433,True
2004-12-01,2.19,1.7525286,0.43747139999999995,0.42993663746653255,0.0075347625334674095,False
2005-01-01,2.33,2.1405957,0.18940430000000008,0.1854348887452284,0.003969411254771682,False
2005-02-01,2.54,2.1370072,0.4029927999999998,0.39456100295838237,0.00843179704161745,False
2005-03-01,2.74,2.3342418,0.4057582000000002,0.3965028644009827,0.009255335599017478,False
2005-04-01,2.78,2.4622893,0.3177106999999997,0.31007573827457335,0.007634961725426326,False
2005-05-01,2.84,2.5780667,0.2619332999999999,0.2553502014870812,0.006583098512918717,False
2005-06-01,2.97,2.3619011,0.6080989000000003,0.5940676105711695,0.014031289428830807,False
2005-07-01,3.22,2.3318043,0.8881957000000003,0.8679566495242597,0.020239050475740594,False
2005-08-01,3.44,2.4638191,0.9761809000000001,0.9527079007735306,0.023472999226469504,False
2005-09-01,3.42,2.3538136,1.0661863999999999,1.0416674889776711,0.024518911022328727,False
2005-10-01,3.71,2.8474638,0.8625362000000001,0.83865578025073,0.023880419749270132,False
2005-11-01,3.88,3.0510174,0.8289825999999998,0.8044390253637568,0.024543574636243015,False
2005-12-01,3.89,3.2271725,0.6628275000000001,0.6421056432597716,0.020721856740228528,False
2006-01-01,4.24,2.4027758,1.8372242,1.7941156239633882,0.04310857603661189,False
2006-02-01,4.43,2.5082827,1.9217172999999996,1.8746946582102852,0.04702264178971438,False
2006-03-01,4.51,1.768612,2.7413879999999997,2.6937460835173788,0.04764191648262095,False
2006-04-01,4.6,2.6830379,1.9169620999999997,1.8668731849040832,0.05008891509591651,False
2006-05-01,4.72,2.8830197,1.8369802999999996,1.7855038716364513,0.051476428363548266,False
2006-06-01,4.79,2.7447553,2.0452447,1.9906073979427674,0.054637302057232606,False
2006-07-01,4.95,2.8005219,2.1494781,2.090921388600475,0.0585567113995249,False
2006-08-01,4.96,2.8670646,2.0929354,2.034602045016465,0.0583333549835352,False
2006-09-01,4.81,2.6513028,2.1586971999999998,2.1029418440074554,0.05575535599254433,False
2006-10-01,4.92,2.4007047,2.5192953,2.4602323854906016,0.05906291450939838,False
2006-11-01,4.94,1.8893923,3.0506077000000005,2.9940385658772994,0.05656913412270104,False
2006-12-01,4.85,1.9891528,2.8608471999999994,2.8050504602289417,0.0557967397710577,False
2007-01-01,4.98,2.6838116,2.2961884000000006,2.2361737105598634,0.060014689440137214,False
2007-02-01,5.03,2.6396415,2.3903585,2.328884303439427,0.06147419656057318,False
2007-03-01,4.94,2.7976602,2.1423398000000002,2.0840355664048404,0.05830423359515979,False
2007-04-01,4.87,2.7184483,2.1515517,2.0946107886249843,0.05694091137501589,False
2007-05-01,4.73,2.9243064,1.8056936000000006,1.7543898648997747,0.0513037351002259,False
2007-06-01,4.61,3.214615,1.3953850000000005,1.351925790741948,0.04345920925805258,False
2007-07-01,4.82,2.614408,2.205592,2.149397967583666,0.05619403241633414,False
2007-08-01,4.2,2.6534371,1.5465629,1.5065865729302574,0.039976327069742634,False
2007-09-01,3.89,2.5740481,1.3159519,1.2829286982191324,0.033023201780867595,False
2007-10-01,3.9,2.2920506,1.6079493999999999,1.57192019376724,0.03602920623275985,False
2007-11-01,3.27,2.6320037,0.6379963000000002,0.6216348478052636,0.016361452194736614,False
2007-12-01,3.0,2.5437758,0.45622419999999986,0.44490676927073647,0.011317430729263389,False
2008-01-01,2.75,2.466622,0.2833779999999999,0.2765563990193787,0.006821600980621234,False
2008-02-01,2.12,2.2977869,-0.17778690000000008,-0.17379349581998493,-0.003993404180015148,True
2008-03-01,1.26,1.9336763,-0.6736762999999999,-0.6608966971987984,-0.012779602801201495,True
2008-04-01,1.29,2.0175043,-0.7275043000000001,-0.7131171312137363,-0.014387168786263782,True
2008-05-01,1.73,2.2868435,-0.5568434999999998,-0.5443940598284125,-0.012449440171587334,True
2008-06-01,1.86,2.7285115,-0.8685115000000001,-0.8454434774906705,-0.0230680225093296,True
2008-07-01,1.63,2.9490198,-1.3190198,-1.2812358996350581,-0.037783900364941836,True
2008-08-01,1.72,3.0525448,-1.3325448000000002,-1.2930731624203218,-0.03947163757967842,True
2008-09-01,1.13,2.7309252,-1.6009252000000003,-1.5583673532417408,-0.042557846758259466,True
2008-10-01,0.67,1.6072395,-0.9372394999999999,-0.9224140962908467,-0.014825403709153195,True
2008-11-01,0.19,0.78457206,-0.59457206,-0.5899435279102416,-0.00462853208975833,True
2008-12-01,0.03,0.28299557,-0.25299556999999995,-0.25228162417965105,-0.0007139458203488935,True
2009-01-01,0.13,0.47357505,-0.34357505,-0.34195563343797364,-0.0016194165620263545,True
2009-02-01,0.3,0.38164688,-0.08164688000000003,-0.08133646193074773,-0.0003104180692523051,True
2009-03-01,0.21,-0.48067803,0.6906780299999999,0.6940140028367736,-0.0033359728367736707,False
2009-04-01,0.16,1.2289362,-1.0689362,-1.055959135921447,-0.012977064078552925,True
2009-05-01,0.18,1.2972457,-1.1172457,-1.1029378857040362,-0.014307814295963839,True
2009-06-01,0.18,1.2745119,-1.0945119,-1.0807377685322694,-0.013774131467730655,True
2009-07-01,0.18,1.5522347,-1.3722347000000001,-1.351259973799479,-0.0209747262005211,True
2009-08-01,0.17,2.0245319,-1.8545319,-1.8177313489835312,-0.03680055101646884,True
2009-09-01,0.12,2.3608109,-2.2408109,-2.1891296877172284,-0.05168121228277167,True
2009-10-01,0.07,1.6283633,-1.5583633,-1.5333940736601548,-0.024969226339845108,True
2009-11-01,0.05,1.8070337,-1.7570337,-1.7258470619795685,-0.031186638020431534,True
2009-12-01,0.05,1.7866037,-1.7366036999999999,-1.7061220601468974,-0.030481639853102482,True
2010-01-01,0.06,1.6957593,-1.6357593,-1.6084832949371686,-0.027276005062831343,True
2010-02-01,0.11,1.7316171,-1.6216171,-1.5940148660037345,-0.02760223399626538,True
2010-03-01,0.15,1.9701388,-1.8201388,-1.7849723668317719,-0.035166433168228206,True
2010-04-01,0.16,1.587202,-1.427202,-1.4049033459943017,-0.022298654005698415,True
2010-05-01,0.16,1.562963,-1.4029630000000002,-1.38137265648699,-0.021590343513010257,True
2010-06-01,0.12,1.3532178,-1.2332177999999998,-1.2167524887404024,-0.01646531125959738,True
2010-07-01,0.16,0.96279857,-0.80279857,-0.7951429450951508,-0.007655624904849168,True
2010-08-01,0.16,1.3411201,-1.1811201,-1.1654894862366927,-0.01563061376330732,True
2010-09-01,0.15,0.90713698,-0.75713698,-0.750330454970749,-0.006806525029250943,True
2010-10-01,0.13,1.3652619,-1.2352618999999998,-1.218624484212949,-0.016637415787050802,True
2010-11-01,0.14,1.3962369,-1.2562368999999998,-1.2389383850989644,-0.0172985149010354,True
2010-12-01,0.14,1.4938723,-1.3538723,-1.3339448671326304,-0.019927432867369532,True
2011-01-01,0.15,1.7900451,-1.6400451,-1.6112038248816907,-0.028841275118309362,True
2011-02-01,0.13,1.9547432,-1.8247432,-1.7897580266770685,-0.034985173322931384,True
2011-03-01,0.1,2.1063793,-2.0063793,-1.9649891747753,-0.04139012522469976,True
2011-04-01,0.06,2.0757372,-2.0157372,-1.974746649196879,-0.04099055080312075,True
2011-05-01,0.04,2.292302,-2.252302,-2.201829420164969,-0.05047257983503073,True
2011-06-01,0.04,2.1177045,-2.0777045,-2.034617317509324,-0.04308718249067578,True
2011-07-01,0.04,2.432348,-2.392348,-2.335539550455301,-0.05680844954469899,True
2011-08-01,0.02,1.5113148,-1.4913148,-1.4691118945097115,-0.022202905490288583,True
2011-09-01,0.01,1.008876,-0.9988760000000001,-0.9888992329743274,-0.00997676702567274,True
2011-10-01,0.02,1.4656093,-1.4456092999999999,-1.424728348819948,-0.020880951180051843,True
2011-11-01,0.01,1.5052488,-1.4952488,-1.473075350956632,-0.022173449043368043,True
2011-12-01,0.01,1.7116627,-1.7016627,-1.6730261356744158,-0.028636564325584146,True
2012-01-01,0.03,1.4714419,-1.4414419,-1.4205394867853882,-0.020902413214611837,True
2012-02-01,0.09,1.5014226,-1.4114225999999999,-1.3905446483860384,-0.020877951613961443,True
2012-03-01,0.08,1.3620536,-1.2820536,-1.2648259920416627,-0.017227607958337332,True
2012-04-01,0.08,1.6869361,-1.6069361,-1.5802778229247916,-0.026658277075208403,True
2012-05-01,0.09,1.5903147,-1.5003147,-1.4768284795952158,-0.023486220404784097,True
2012-06-01,0.09,0.78930567,-0.69930567,-0.693829236496224,-0.005476433503776024,True
2012-07-01,0.1,1.2966497,-1.1966496999999998,-1.1813319626503116,-0.01531773734968822,True
2012-08-01,0.1,1.3700924,-1.2700924,-1.252926153986622,-0.017166246013377906,True
2012-09-01,0.11,1.9315046,-1.8215046,-1.7869888285745872,-0.03451577142541273,True
2012-10-01,0.1,1.6131067,-1.5131066999999998,-1.4890861515210463,-0.02402054847895352,True
2012-11-01,0.09,1.6632266,-1.5732266,-1.5474883619324475,-0.025738238067552377,True
2012-12-01,0.07,2.1029068,-2.0329068,-1.9910371444978425,-0.0418696555021576,True
2013-01-01,0.07,1.3155854,-1.2455854,-1.2294114425558167,-0.016173957444183262,True
2013-02-01,0.1,1.3608065,-1.2608065,-1.2438797041339655,-0.016926795866034405,True
2013-03-01,0.09,1.0049408,-0.9149408,-0.9058376676955637,-0.009103132304436268,True
2013-04-01,0.06,1.4563149,-1.3963149,-1.3762720451420685,-0.020042854857931447,True
2013-05-01,0.04,1.1780254,-1.1380253999999999,-1.124775261723987,-0.013250138276012846,True
2013-06-01,0.05,1.3532103,-1.3032103,-1.2858105788090657,-0.017399721190934248,True
2013-07-01,0.04,1.0030329,-0.9630329,-0.9534692893365504,-0.009563610663449573,True
2013-08-01,0.04,1.797427,-1.757427,-1.72639628701029,-0.031030712989710052,True
2013-09-01,0.02,2.202423,-2.182423,-2.135392621758092,-0.04703037824190792,True
2013-10-01,0.05,1.5555239,-1.5055239,-1.4824638209561813,-0.023060079043818682,True
2013-11-01,0.07,1.4505754,-1.3805754,-1.3608354556459257,-0.019739944354074224,True
2013-12-01,0.07,1.9240314,-1.8540314,-1.8190326408144775,-0.03499875918552253,True
2014-01-01,0.04,1.6382453,-1.5982452999999999,-1.5724841522820054,-0.025761147717994426,True
2014-02-01,0.05,1.5858281,-1.5358281,-1.5118527148178185,-0.023975385182181563,True
2014-03-01,0.05,1.2194617,-1.1694617,-1.1553723763777057,-0.014089323622294314,True
2014-04-01,0.03,1.653011,-1.623011,-1.5966187169802581,-0.026392283019741836,True
2014-05-01,0.03,1.76839,-1.7383899999999999,-1.7081826685083623,-0.030207331491637568,True
2014-06-01,0.04,1.5265458,-1.4865458,-1.4641942048618461,-0.02235159513815388,True
2014-07-01,0.03,1.8594911,-1.8294911,-1.7960929121508373,-0.03339818784916271,True
2014-08-01,0.03,1.8065541,-1.7765541,-1.745029203380133,-0.03152489661986713,True
2014-09-01,0.02,2.1150395,-2.0950395,-2.0516463688975084,-0.043393131102491544,True
2014-10-01,0.02,1.6022445,-1.5822445,-1.5572928607891057,-0.024951639210894383,True
2014-11-01,0.02,1.321155,-1.301155,-1.2841888744754337,-0.016966125524566333,True
2014-12-01,0.03,2.1860996,-2.1560996,-2.1099734782322632,-0.046126121767736894,True
2015-01-01,0.03,0.91604112,-0.88604112,-0.8779982945886777,-0.008042825411322285,True
2015-02-01,0.02,0.38334206,-0.36334205999999997,-0.3619545360253329,-0.001387523974667071,True
2015-03-01,0.03,0.79843856,-0.76843856,-0.7623516504599248,-0.0060869095400751805,True
2015-04-01,0.02,1.5899931,-1.5699931,-1.5454210125347534,-0.02457208746524664,True
2015-05-01,0.02,1.7028274,-1.6828274,-1.6546515401989814,-0.028175859801018666,True
2015-06-01,0.02,1.7750546,-1.7550546,-1.7244447638940397,-0.030609836105960353,True
2015-07-01,0.03,1.8011251,-1.7711251,-1.739789317908036,-0.03133578209196397,True
2015-08-01,0.07,1.7247986,-1.6547986,-1.6267406008902308,-0.02805799910976914,True
2015-09-01,0.02,1.92835583,-1.90835583,-1.8722521465791342,-0.036103683420865895,True
2015-10-01,0.02,1.3119821,-1.2919821,-1.2752510346947465,-0.01673106530525348,True
2015-11-01,0.12,1.3066673,-1.1866672999999999,-1.17136150228484,-0.01530579771515983,True
2015-12-01,0.23,1.46795515,-1.2379551500000001,-1.2200454302739527,-0.01790971972604738,True
2016-01-01,0.26,1.47498776,-1.21498776,-1.1973273284581087,-0.01766043154189134,True
2016-02-01,0.31,1.11589387,-0.80589387,-0.7970001936946636,-0.00889367630533644,True
2016-03-01,0.29,0.78224551,-0.49224551,-0.488424828707712,-0.0038206812922880196,True
2016-04-01,0.23,1.68966418,-1.45966418,-1.4354105618996527,-0.02425361810034743,True
2016-05-01,0.27,1.66012215,-1.39012215,-1.3674212863416302,-0.022700863658369874,True
2016-06-01,0.27,1.28116185,-1.01116185,-0.9983711003410112,-0.012790749658988743,True
2016-07-01,0.3,1.64813436,-1.34813436,-1.3262755568394513,-0.021858803160548668,True
2016-08-01,0.3,1.5900866,-1.2900866,-1.269894182765674,-0.020192417234325966,True
2016-09-01,0.29,2.06443724,-1.7744372400000001,-1.7385460479515502,-0.03589119204844993,True
2016-10-01,0.33,1.74399736,-1.41399736,-1.3897599825932194,-0.024237377406780558,True
2016-11-01,0.45,1.90220184,-1.45220184,-1.4250936817637783,-0.027108158236221813,True
2016-12-01,0.51,2.2917332,-1.7817332,-1.7418154373397554,-0.039917762660244493,True
2017-01-01,0.51,2.1027318,-1.5927318,-1.5599306423258574,-0.03280115767414249,True
2017-02-01,0.52,1.94277371,-1.42277371,-1.3956592097909781,-0.02711450020902184,True
2017-03-01,0.74,1.50314821,-0.76314821,-0.7518468377169074,-0.011301372283092581,True
2017-04-01,0.8,1.71866969,-0.91866969,-0.9031475665182809,-0.015522123481719108,True
2017-05-01,0.89,1.56480634,-0.6748063400000001,-0.6644096162021107,-0.010396723797889362,True
2017-06-01,0.98,0.95868776,0.021312239999999982,0.02110986233365697,0.00020237766634301213,False
2017-07-01,1.07,1.71215951,-0.6421595099999999,-0.6313497944529289,-0.010809715547070997,True
2017-08-01,1.01,1.65217832,-0.64217832,-0.6317408348873954,-0.010437485112604561,True
2017-09-01,1.03,2.05780237,-1.02780237,-1.0070786810339127,-0.02072368896608734,True
2017-10-01,1.07,1.95269933,-0.8826993299999999,-0.8657929959685395,-0.016906334031460357,True
2017-11-01,1.23,2.06917502,-0.8391750199999999,-0.8221630280009218,-0.017011991999078102,True
2017-12-01,1.32,2.82407476,-1.5040747599999997,-1.4627651778152395,-0.04130958218476022,True
2018-01-01,1.41,1.9048938,-0.49489380000000005,-0.4856428200310847,-0.00925097996891533,True
2018-02-01,1.57,2.13804094,-0.5680409399999997,-0.5561502205957636,-0.011890719404236139,True
2018-03-01,1.7,1.68874433,0.01125566999999994,0.011068747159925785,0.00018692284007415516,False
2018-04-01,1.76,1.84679022,-0.08679021999999992,-0.08521645091860153,-0.0015737690813983907,True
2018-05-01,1.86,1.96778394,-0.1077839399999998,-0.10570391533017975,-0.0020800246698200464,True
2018-06-01,1.9,1.59099529,0.30900470999999996,0.3041654519851056,0.0048392580148943765,False
2018-07-01,1.96,2.12308939,-0.1630893900000001,-0.15969884085388353,-0.0033905491461165838,True
2018-08-01,2.03,2.12845808,-0.09845808000000034,-0.09640611622949713,-0.0020519637705032068,True
2018-09-01,2.13,2.41001454,-0.28001454000000026,-0.2734249587384108,-0.006589581261589483,True
2018-10-01,2.25,2.21216657,0.03783343000000006,0.03701460527605338,0.0008188247239466762,False
2018-11-01,2.33,2.16701625,0.16298374999999998,0.15952677878072752,0.0034569712192724644,False
2018-12-01,2.37,1.98107002,0.3889299800000001,0.3813746805399587,0.007555299460041409,False
2019-01-01,2.37,1.8039584,0.5660416000000001,0.5560113858991134,0.01003021410088678,False
2019-02-01,2.39,1.78943106,0.60056894,0.5900110981522211,0.01055784184777897,False
2019-03-01,2.4,1.37532429,1.02467571,1.010774285731264,0.013901424268735862,False
2019-04-01,2.38,2.0373803,0.34261969999999975,0.3357786126933826,0.006841087306617144,False
2019-05-01,2.35,2.18513987,0.1648601300000001,0.16133474026629457,0.0035253897337055307,False
2019-06-01,2.17,1.60914045,0.56085955,0.5519774574571867,0.008882092542813247,False
2019-07-01,2.1,1.74765616,0.3523438400000001,0.34629184916643574,0.006051990833564336,False
2019-08-01,1.95,1.71433646,0.23566354,0.2316915669922981,0.003971973007701912,False
2019-09-01,1.89,1.64492794,0.24507205999999981,0.24110603939300201,0.0039660206069978,False
2019-10-01,1.65,1.72460183,-0.07460182999999998,-0.0733370577598147,-0.0012647722401852857,True
2019-11-01,1.54,1.69729979,-0.15729978999999994,-0.15467450003570082,-0.0026252899642991157,True
2019-12-01,1.54,1.70378442,-0.16378442000000004,-0.16104063475517183,-0.002743785244828212,True
2020-01-01,1.52,1.79710932,-0.2771093199999999,-0.2722172779276888,-0.004892042072311087,True
2020-02-01,1.52,1.64596366,-0.12596366000000003,-0.12392391735429609,-0.002039742645703946,True
2020-03-01,0.29,0.98707392,-0.69707392,-0.6902605382469118,-0.00681338175308821,True
2020-04-01,0.14,-0.05035367,0.19035367000000003,0.19044956834717297,-9.589834717294021e-05,False
2020-05-01,0.13,-0.21879037,0.34879037,0.349555163034565,-0.0007647930345650034,False
2020-06-01,0.16,0.51275711,-0.35275711,-0.3509575502082307,-0.0017995597917692674,True
2020-07-01,0.13,1.57200144,-1.4420014399999999,-1.4196839872765543,-0.02231745272344554,True
2020-08-01,0.1,1.67677177,-1.57677177,-1.550768914621703,-0.02600285537829694,True
2020-09-01,0.11,1.5827644,-1.4727644,-1.4498172093454054,-0.022947190654594607,True
2020-10-01,0.1,1.39703767,-1.29703767,-1.2791672220457295,-0.017870447954270396,True
2020-11-01,0.09,1.42002946,-1.33002946,-1.3114070929397315,-0.01862236706026854,True
2020-12-01,0.09,1.64952129,-1.55952129,-1.5342141017573363,-0.025307188242663647,True
2021-01-01,0.08,1.4460926,-1.3660926,-1.346619238836999,-0.019473361163000913,True
2021-02-01,0.04,1.67548668,-1.6354866799999999,-1.6085358756602885,-0.02695080433971131,True
2021-03-01,0.03,1.51383809,-1.4838380899999999,-1.4617101647604658,-0.022127925239534108,True
2021-04-01,0.02,1.75471736,-1.7347173599999999,-1.704802887774437,-0.02991447222556287,True
2021-05-01,0.02,1.86820734,-1.84820734,-1.8143122258265865,-0.03389511417341362,True
2021-06-01,0.04,2.05518859,-2.01518859,-1.9746066984363653,-0.0405818915636349,True
2021-07-01,0.05,2.07311612,-2.02311612,-1.9820264109715047,-0.0410897090284954,True
2021-08-01,0.05,2.46241259,-2.41241259,-2.3544366456148103,-0.05797594438518994,True
2021-09-01,0.04,2.68413713,-2.64413713,-2.5750200604524487,-0.06911706954755115,True
2021-10-01,0.05,1.85436755,-1.80436755,-1.7715171115408879,-0.032850438459112175,True
2021-11-01,0.05,2.4798405,-2.4298405,-2.371042429559611,-0.05879807044038898,True
2021-12-01,0.06,2.62030861,-2.56030861,-2.4949336487870566,-0.06537496121294328,True
2022-01-01,0.15,2.24175848,-2.09175848,-2.045894467287712,-0.045864012712288016,True
2022-02-01,0.33,2.62741883,-2.29741883,-2.2386013954083794,-0.058817434591620366,True
2022-03-01,0.44,3.05769883,-2.61769883,-2.54003229231623,-0.07766653768377019,True
2022-04-01,0.76,3.39290341,-2.63290341,-2.5465030221265117,-0.08640038787348825,True
2022-05-01,0.98,3.63465785,-2.65465785,-2.561554122021914,-0.09310372797808597,True
2022-06-01,1.49,4.22671337,-2.7367133699999995,-2.6257312367557906,-0.11098213324420891,True
2022-07-01,2.23,3.3092777,-1.0792777,-1.0447054940545764,-0.03457220594542365,True
2022-08-01,2.63,3.37713165,-0.74713165,-0.7227242989576554,-0.024407351042344594,True
2022-09-01,3.13,4.17914969,-1.0491496900000001,-1.0070630189648155,-0.0420866710351846,True
2022-10-01,3.72,2.88195932,0.8380406800000002,0.8145652411161608,0.023475438883839406,False
2022-11-01,4.15,3.23904839,0.9109516100000001,0.8823711804846868,0.028580429515313366,False
2022-12-01,4.25,2.86811918,1.3818808200000001,1.3433518868775751,0.038528933122425,False
2023-01-01,4.54,2.6790161,1.8609839,1.8124286448046645,0.048555255195335434,False
2023-02-01,4.65,2.61308946,2.0369105400000005,1.9850396774127033,0.05187086258729723,False
2023-03-01,4.69,2.07325087,2.6167491300000005,2.5635992855098433,0.05314984449015725,False
2023-04-01,4.92,2.65083257,2.26916743,2.210568948335201,0.058598481664799085,False
2023-05-01,5.14,2.65363857,2.4863614299999997,2.4220879694434982,0.0642734605565014,False
2023-06-01,5.16,1.36626254,3.79373746,3.742603668062605,0.05113379193739487,False
2023-07-01,5.25,2.47431653,2.77568347,2.708662583943555,0.06702088605644496,False
2023-08-01,5.3,2.60696893,2.69303107,2.6246083458884906,0.0684227241115094,False
2023-09-01,5.32,2.81243484,2.5075651600000004,2.438970698342424,0.06859446165757621,False
2023-10-01,5.34,2.76957367,2.5704263299999996,2.5011549996828863,0.0692713303171133,False
2023-11-01,5.27,2.7911957,2.4788042999999997,2.4114947619001237,0.06730953809987605,False
2023-12-01,5.24,3.09166499,2.1483350100000003,2.083907569257315,0.06442744074268525,False
2024-01-01,5.22,2.41863256,2.80136744,2.7352126951693867,0.06615474483061323,False
2024-02-01,5.24,2.42832804,2.8116719600000004,2.745014014972491,0.06665794502750932,False
2024-03-01,5.24,2.08221333,3.15778667,3.093375982936286,0.064410687063714,False
2024-04-01,5.24,2.70436687,2.5356331300000003,2.468865937520981,0.06676719247901941,False
2024-05-01,5.25,2.93566763,2.31433237,2.2483289060880374,0.06600346391196243,False
2024-06-01,5.24,2.7258402,2.5141598000000003,2.4474463242209588,0.06671347577904152,False
2024-07-01,5.2,2.55564431,2.6443556900000003,2.5784594380849457,0.06589625191505455,False
2024-08-01,5.05,2.3470594,2.7029406,2.6409557986773136,0.061984801322686245,False
2024-09-01,4.72,2.23612091,2.48387909,2.429551383494477,0.054327706505522766,False
2024-10-01,4.51,2.25612841,2.2538715899999997,2.204143287102567,0.04972830289743291,False
2024-11-01,4.42,2.4316758,1.9883242,1.9411223964374447,0.04720180356255543,False
2024-12-01,4.27,2.65035634,1.6196436599999995,1.5778256576483685,0.04181800235163102,False
2025-01-01,4.21,2.62695841,1.58304159,1.5425202252177028,0.04052136478229729,False
2025-02-01,4.22,2.72766223,1.4923377699999998,1.4527126750521813,0.03962509494781852,False
2025-03-01,4.2,2.18385272,2.01614728,1.97305858639385,0.04308869360615031,False
2025-04-01,4.21,2.88718559,1.3228144099999999,1.2856940370313374,0.03712037296866244,False
2025-05-01,4.25,2.69133727,1.55866273,1.5178132561482816,0.04084947385171844,False
2025-06-01,4.23,2.38054202,1.8494579800000004,1.8064545698915246,0.04300341010847575,False
2025-07-01,4.25,2.78904728,1.4609527199999999,1.4213116656488944,0.03964105435110543,False
2025-08-01,4.12,2.68936045,1.43063955,1.3931721297422595,0.037467420257740525,False
2025-09-01,3.92,2.80359931,1.1164006899999999,1.0859548668461727,0.030445823153827156,False
2025-10-01,3.82,2.72759763,1.0924023699999998,1.0633971738875703,0.029005196112429577,False
2025-11-01,3.78,2.70387514,1.0761248599999997,1.047793823293519,0.028331036706480628,False
2025-12-01,3.59,3.19286884,0.3971311599999998,0.38484360834636355,0.012287551653636264,False
2026-01-01,3.57,2.58639537,0.9836046299999999,0.9588061130839209,0.024798516916078928,False
2026-02-01,3.6,2.58569815,1.0143018500000003,0.9887361184761856,0.025565731523814694,False
2026-03-01,3.61,2.29529521,1.31470479,1.2852055290529796,0.029499260947020378,False
2026-04-01,3.61,3.27639808,0.33360192,0.3230185465430191,0.010583373456980905,False
2026-05-01,3.6,3.53525552,0.06474447999999988,0.06253375207780909,0.0022107279221907916,False
2026-06-01,3.66,3.03886595,0.6211340500000002,0.6028153010742665,0.018318748925733708,False
2026-07-01,3.73,2.3860011,1.3439988999999999,1.3126783794274122,0.03132052057258772,False
